trace_id,rule_evaluated,impact_label,sampling_strategy,split,source_file,dsl_input,baseline_target
case_0,COMPLIANT,0_COMPLIANT,impact_balanced,train,app\validation\data\user_rights\access_valid.xes,"validate gdpr impact: rule: COMPLIANCE_CHECK | context: legal_basis:none; data_category:none; retention:none; third_party:false; international:none; safeguard:none; consent:not_needed | trace: verify_request_identity[BEFORE] -> USER_RIGHT_REQUEST -> provide_data_copy[AFTER] -> respond_user_right[AFTER] | return only 0, 1 or 2",valid | violations: none | warnings: none
case_0,COMPLIANT,0_COMPLIANT,impact_balanced,train,app\validation\data\user_rights\erasure_valid.xes,"validate gdpr impact: rule: COMPLIANCE_CHECK | context: legal_basis:none; data_category:none; retention:none; third_party:false; international:none; safeguard:none; consent:not_needed | trace: verify_request_identity[BEFORE] -> USER_RIGHT_REQUEST -> erase_primary_record[AFTER] -> propagate_erasure_to_replicas[AFTER] -> notify_third_party_deletion[AFTER] -> verify_erasure_completion[AFTER] -> respond_user_right[AFTER] | return only 0, 1 or 2",valid | violations: none | warnings: none
case_0,COMPLIANT,0_COMPLIANT,impact_balanced,train,app\validation\data\user_rights\valid_user_right_request.xes,"validate gdpr impact: rule: COMPLIANCE_CHECK | context: legal_basis:none; data_category:none; retention:none; third_party:false; international:none; safeguard:none; consent:not_needed | trace: verify_request_identity[BEFORE] -> USER_RIGHT_REQUEST -> respond_user_right[AFTER] | return only 0, 1 or 2",valid | violations: none | warnings: none
case_0,COMPLIANT,0_COMPLIANT,impact_balanced,train,app\validation\data\case_start\case_start_valid.xes,"validate gdpr impact: rule: COMPLIANCE_CHECK | context: legal_basis:none; data_category:none; retention:none; third_party:false; international:none; safeguard:none; consent:not_needed | trace: CASE_START -> verify_legal_basis[AFTER] | return only 0, 1 or 2",valid | violations: none | warnings: none
case_0,COMPLIANT,0_COMPLIANT,impact_balanced,train,app\validation\data\automated_decision\valid_automated_decision.xes,"validate gdpr impact: rule: COMPLIANCE_CHECK | context: legal_basis:none; data_category:none; retention:none; third_party:false; international:none; safeguard:none; consent:not_needed | trace: automated_logic_disclosure[BEFORE] -> AUTOMATED_DECISION | return only 0, 1 or 2",valid | violations: none | warnings: none
case_0,COMPLIANT,0_COMPLIANT,impact_balanced,train,app\validation\data\data_access\data_access_health.xes,"validate gdpr impact: rule: COMPLIANCE_CHECK | context: legal_basis:none; data_category:DataCategory.HEALTH; retention:none; third_party:false; international:none; safeguard:none; consent:not_needed | trace: access_control_check[BEFORE] -> DATA_ACCESS | return only 0, 1 or 2",valid | violations: none | warnings: none
case_0,COMPLIANT,0_COMPLIANT,impact_balanced,validation,app\validation\data\case_end\case_end_valid.xes,"validate gdpr impact: rule: COMPLIANCE_CHECK | context: legal_basis:none; data_category:none; retention:30_days; third_party:false; international:none; safeguard:none; consent:not_needed | trace: retention_period_verify[BEFORE] -> confirm_data_erasure[BEFORE] -> CASE_END | return only 0, 1 or 2",valid | violations: none | warnings: none
case_0,COMPLIANT,0_COMPLIANT,impact_balanced,validation,app\validation\data\data_transfer\valid.xes,"validate gdpr impact: rule: COMPLIANCE_CHECK | context: legal_basis:none; data_category:none; retention:none; third_party:true; international:third_country; safeguard:none; consent:not_needed | trace: check_third_party_agreement[BEFORE] -> verify_international_safeguard[BEFORE] -> DATA_TRANSFER | return only 0, 1 or 2",valid | violations: none | warnings: none
case_0,COMPLIANT,0_COMPLIANT,impact_balanced,validation,app\validation\data\data_deletion\valid_data_deletion.xes,"validate gdpr impact: rule: COMPLIANCE_CHECK | context: legal_basis:none; data_category:none; retention:none; third_party:false; international:none; safeguard:none; consent:not_needed | trace: record_retention_period[BEFORE] -> DATA_DELETION -> erase_data[AFTER] | return only 0, 1 or 2",valid | violations: none | warnings: none
case_0,COMPLIANT,0_COMPLIANT,impact_balanced,train,app\validation\data\user_rights\access_valid.xes,"validate gdpr impact: rule: COMPLIANCE_CHECK | context: legal_basis:none; data_category:none; retention:none; third_party:false; international:none; safeguard:none; consent:not_needed | trace: verify_request_identity[BEFORE] -> USER_RIGHT_REQUEST -> provide_data_copy[AFTER] -> respond_user_right[AFTER] | return only 0, 1 or 2",valid | violations: none | warnings: none
case_0,COMPLIANT,0_COMPLIANT,impact_balanced,train,app\validation\data\user_rights\erasure_valid.xes,"validate gdpr impact: rule: COMPLIANCE_CHECK | context: legal_basis:none; data_category:none; retention:none; third_party:false; international:none; safeguard:none; consent:not_needed | trace: verify_request_identity[BEFORE] -> USER_RIGHT_REQUEST -> erase_primary_record[AFTER] -> propagate_erasure_to_replicas[AFTER] -> notify_third_party_deletion[AFTER] -> verify_erasure_completion[AFTER] -> respond_user_right[AFTER] | return only 0, 1 or 2",valid | violations: none | warnings: none
case_0,COMPLIANT,0_COMPLIANT,impact_balanced,train,app\validation\data\user_rights\valid_user_right_request.xes,"validate gdpr impact: rule: COMPLIANCE_CHECK | context: legal_basis:none; data_category:none; retention:none; third_party:false; international:none; safeguard:none; consent:not_needed | trace: verify_request_identity[BEFORE] -> USER_RIGHT_REQUEST -> respond_user_right[AFTER] | return only 0, 1 or 2",valid | violations: none | warnings: none
case_0,COMPLIANT,0_COMPLIANT,impact_balanced,train,app\validation\data\case_start\case_start_valid.xes,"validate gdpr impact: rule: COMPLIANCE_CHECK | context: legal_basis:none; data_category:none; retention:none; third_party:false; international:none; safeguard:none; consent:not_needed | trace: CASE_START -> verify_legal_basis[AFTER] | return only 0, 1 or 2",valid | violations: none | warnings: none
case_0,COMPLIANT,0_COMPLIANT,impact_balanced,train,app\validation\data\automated_decision\valid_automated_decision.xes,"validate gdpr impact: rule: COMPLIANCE_CHECK | context: legal_basis:none; data_category:none; retention:none; third_party:false; international:none; safeguard:none; consent:not_needed | trace: automated_logic_disclosure[BEFORE] -> AUTOMATED_DECISION | return only 0, 1 or 2",valid | violations: none | warnings: none
case_0,COMPLIANT,0_COMPLIANT,impact_balanced,train,app\validation\data\data_access\data_access_health.xes,"validate gdpr impact: rule: COMPLIANCE_CHECK | context: legal_basis:none; data_category:DataCategory.HEALTH; retention:none; third_party:false; international:none; safeguard:none; consent:not_needed | trace: access_control_check[BEFORE] -> DATA_ACCESS | return only 0, 1 or 2",valid | violations: none | warnings: none
case_0,COMPLIANT,0_COMPLIANT,impact_balanced,validation,app\validation\data\case_end\case_end_valid.xes,"validate gdpr impact: rule: COMPLIANCE_CHECK | context: legal_basis:none; data_category:none; retention:30_days; third_party:false; international:none; safeguard:none; consent:not_needed | trace: retention_period_verify[BEFORE] -> confirm_data_erasure[BEFORE] -> CASE_END | return only 0, 1 or 2",valid | violations: none | warnings: none
case_0,COMPLIANT,0_COMPLIANT,impact_balanced,validation,app\validation\data\data_transfer\valid.xes,"validate gdpr impact: rule: COMPLIANCE_CHECK | context: legal_basis:none; data_category:none; retention:none; third_party:true; international:third_country; safeguard:none; consent:not_needed | trace: check_third_party_agreement[BEFORE] -> verify_international_safeguard[BEFORE] -> DATA_TRANSFER | return only 0, 1 or 2",valid | violations: none | warnings: none
case_0,COMPLIANT,0_COMPLIANT,impact_balanced,validation,app\validation\data\data_deletion\valid_data_deletion.xes,"validate gdpr impact: rule: COMPLIANCE_CHECK | context: legal_basis:none; data_category:none; retention:none; third_party:false; international:none; safeguard:none; consent:not_needed | trace: record_retention_period[BEFORE] -> DATA_DELETION -> erase_data[AFTER] | return only 0, 1 or 2",valid | violations: none | warnings: none
case_0,COMPLIANT,0_COMPLIANT,impact_balanced,train,app\validation\data\user_rights\access_valid.xes,"validate gdpr impact: rule: COMPLIANCE_CHECK | context: legal_basis:none; data_category:none; retention:none; third_party:false; international:none; safeguard:none; consent:not_needed | trace: verify_request_identity[BEFORE] -> USER_RIGHT_REQUEST -> provide_data_copy[AFTER] -> respond_user_right[AFTER] | return only 0, 1 or 2",valid | violations: none | warnings: none
case_0,COMPLIANT,0_COMPLIANT,impact_balanced,train,app\validation\data\user_rights\erasure_valid.xes,"validate gdpr impact: rule: COMPLIANCE_CHECK | context: legal_basis:none; data_category:none; retention:none; third_party:false; international:none; safeguard:none; consent:not_needed | trace: verify_request_identity[BEFORE] -> USER_RIGHT_REQUEST -> erase_primary_record[AFTER] -> propagate_erasure_to_replicas[AFTER] -> notify_third_party_deletion[AFTER] -> verify_erasure_completion[AFTER] -> respond_user_right[AFTER] | return only 0, 1 or 2",valid | violations: none | warnings: none
case_0,COMPLIANT,0_COMPLIANT,impact_balanced,train,app\validation\data\user_rights\valid_user_right_request.xes,"validate gdpr impact: rule: COMPLIANCE_CHECK | context: legal_basis:none; data_category:none; retention:none; third_party:false; international:none; safeguard:none; consent:not_needed | trace: verify_request_identity[BEFORE] -> USER_RIGHT_REQUEST -> respond_user_right[AFTER] | return only 0, 1 or 2",valid | violations: none | warnings: none
case_0,COMPLIANT,0_COMPLIANT,impact_balanced,train,app\validation\data\case_start\case_start_valid.xes,"validate gdpr impact: rule: COMPLIANCE_CHECK | context: legal_basis:none; data_category:none; retention:none; third_party:false; international:none; safeguard:none; consent:not_needed | trace: CASE_START -> verify_legal_basis[AFTER] | return only 0, 1 or 2",valid | violations: none | warnings: none
case_0,COMPLIANT,0_COMPLIANT,impact_balanced,train,app\validation\data\automated_decision\valid_automated_decision.xes,"validate gdpr impact: rule: COMPLIANCE_CHECK | context: legal_basis:none; data_category:none; retention:none; third_party:false; international:none; safeguard:none; consent:not_needed | trace: automated_logic_disclosure[BEFORE] -> AUTOMATED_DECISION | return only 0, 1 or 2",valid | violations: none | warnings: none
case_0,COMPLIANT,0_COMPLIANT,impact_balanced,train,app\validation\data\data_access\data_access_health.xes,"validate gdpr impact: rule: COMPLIANCE_CHECK | context: legal_basis:none; data_category:DataCategory.HEALTH; retention:none; third_party:false; international:none; safeguard:none; consent:not_needed | trace: access_control_check[BEFORE] -> DATA_ACCESS | return only 0, 1 or 2",valid | violations: none | warnings: none
case_0,COMPLIANT,0_COMPLIANT,impact_balanced,validation,app\validation\data\case_end\case_end_valid.xes,"validate gdpr impact: rule: COMPLIANCE_CHECK | context: legal_basis:none; data_category:none; retention:30_days; third_party:false; international:none; safeguard:none; consent:not_needed | trace: retention_period_verify[BEFORE] -> confirm_data_erasure[BEFORE] -> CASE_END | return only 0, 1 or 2",valid | violations: none | warnings: none
case_0,COMPLIANT,0_COMPLIANT,impact_balanced,validation,app\validation\data\data_transfer\valid.xes,"validate gdpr impact: rule: COMPLIANCE_CHECK | context: legal_basis:none; data_category:none; retention:none; third_party:true; international:third_country; safeguard:none; consent:not_needed | trace: check_third_party_agreement[BEFORE] -> verify_international_safeguard[BEFORE] -> DATA_TRANSFER | return only 0, 1 or 2",valid | violations: none | warnings: none
case_0,COMPLIANT,0_COMPLIANT,impact_balanced,validation,app\validation\data\data_deletion\valid_data_deletion.xes,"validate gdpr impact: rule: COMPLIANCE_CHECK | context: legal_basis:none; data_category:none; retention:none; third_party:false; international:none; safeguard:none; consent:not_needed | trace: record_retention_period[BEFORE] -> DATA_DELETION -> erase_data[AFTER] | return only 0, 1 or 2",valid | violations: none | warnings: none
case_0,COMPLIANT,0_COMPLIANT,impact_balanced,train,app\validation\data\user_rights\access_valid.xes,"validate gdpr impact: rule: COMPLIANCE_CHECK | context: legal_basis:none; data_category:none; retention:none; third_party:false; international:none; safeguard:none; consent:not_needed | trace: verify_request_identity[BEFORE] -> USER_RIGHT_REQUEST -> provide_data_copy[AFTER] -> respond_user_right[AFTER] | return only 0, 1 or 2",valid | violations: none | warnings: none
case_0,DATA_PROCESSING_LOG_REQUIRED,1_VIOLATION,impact_balanced,train,app\validation\data\data_processing\invalid_missing_log_processing.xes,"validate gdpr impact: rule: DATA_PROCESSING | context: legal_basis:none; data_category:none; retention:none; third_party:false; international:none; safeguard:none; consent:not_needed | trace: minimisation_check[BEFORE] -> DATA_PROCESSING | return only 0, 1 or 2",invalid | violations: DATA_PROCESSING_LOG_REQUIRED@trace | warnings: none
case_0,DATA_COLLECTION_LEGAL_BASIS_FLOW,1_VIOLATION,impact_balanced,train,app\validation\data\data_collection\valid_legal_basis_flow.xes,"validate gdpr impact: rule: DATA_COLLECTION | context: legal_basis:none; data_category:none; retention:none; third_party:false; international:none; safeguard:none; consent:not_needed | trace: CASE_START(2025-01-01 08:00:00+00:00) -> verify_legal_basis[AFTER](2025-01-01 08:01:00+00:00) -> record_purpose[BEFORE](2025-01-01 08:02:00+00:00) -> DATA_COLLECTION(2025-01-01 08:05:00+00:00) -> privacy_notice_disclosed[AFTER](2025-01-01 08:06:00+00:00) | return only 0, 1 or 2",invalid | violations: DATA_COLLECTION_LEGAL_BASIS_FLOW@collect_customer_data | warnings: none
case_0,DATA_COLLECTION_NOTICE,1_VIOLATION,impact_balanced,train,app\validation\data\data_collection\invalid_missing_notice.xes,"validate gdpr impact: rule: DATA_COLLECTION | context: legal_basis:consent; data_category:none; retention:none; third_party:false; international:none; safeguard:none; consent:not_needed | trace: check_consent[BEFORE] -> DATA_COLLECTION | return only 0, 1 or 2",invalid | violations: DATA_COLLECTION_NOTICE@trace; DATA_COLLECTION_LEGAL_BASIS_FLOW@Collect Data; DATA_COLLECTION_PURPOSE_REQUIRED@Collect Data | warnings: none
case_0,USER_RIGHT_ACCESS_COMPLIANCE,1_VIOLATION,impact_balanced,train,app\validation\data\user_rights\access_invalid.xes,"validate gdpr impact: rule: USER_RIGHT | context: legal_basis:none; data_category:none; retention:none; third_party:false; international:none; safeguard:none; consent:not_needed | trace: verify_request_identity[BEFORE] -> USER_RIGHT_REQUEST -> respond_user_right[AFTER] | return only 0, 1 or 2",invalid | violations: USER_RIGHT_ACCESS_COMPLIANCE@W_Access Request | warnings: none
case_0,DATA_PROCESSING_MINIMISATION,1_VIOLATION,impact_balanced,train,app\validation\data\data_processing\valid_log_processing_after.xes,"validate gdpr impact: rule: DATA_PROCESSING | context: legal_basis:none; data_category:none; retention:none; third_party:false; international:none; safeguard:none; consent:not_needed | trace: DATA_PROCESSING -> log_processing_activity[AFTER] | return only 0, 1 or 2",invalid | violations: DATA_PROCESSING_MINIMISATION@trace | warnings: none
case_0,DATA_COLLECTION_NOTICE,1_VIOLATION,impact_balanced,train,app\validation\data\data_collection\invalid_missing_record_purpose.xes,"validate gdpr impact: rule: DATA_COLLECTION | context: legal_basis:none; data_category:none; retention:none; third_party:false; international:none; safeguard:none; consent:not_needed | trace: CASE_START -> verify_legal_basis[AFTER] -> DATA_COLLECTION | return only 0, 1 or 2",invalid | violations: DATA_COLLECTION_NOTICE@trace; DATA_COLLECTION_LEGAL_BASIS_FLOW@collect_customer_data; DATA_COLLECTION_PURPOSE_REQUIRED@collect_customer_data | warnings: none
case_0,DATA_PROCESSING_ENCRYPTION_REQUIRED,1_VIOLATION,impact_balanced,train,app\validation\data\data_processing\invalid_missing_encryption.xes,"validate gdpr impact: rule: DATA_PROCESSING | context: legal_basis:none; data_category:DataCategory.HEALTH; retention:none; third_party:false; international:none; safeguard:none; consent:not_needed | trace: minimisation_check[BEFORE] -> DATA_PROCESSING | return only 0, 1 or 2",invalid | violations: DATA_PROCESSING_ENCRYPTION_REQUIRED@trace; DATA_PROCESSING_LOG_REQUIRED@trace | warnings: none
case_0,DATA_DELETION_RETENTION_REQUIRED,1_VIOLATION,impact_balanced,train,app\validation\data\data_deletion\invalid_data_deletion_missing_retention.xes,"validate gdpr impact: rule: DATA_DELETION | context: legal_basis:none; data_category:none; retention:none; third_party:false; international:none; safeguard:none; consent:not_needed | trace: DATA_DELETION(2025-01-01 13:00:00+00:00) -> erase_data[AFTER](2025-01-01 13:10:00+00:00) | return only 0, 1 or 2",invalid | violations: DATA_DELETION_RETENTION_REQUIRED@delete_customer_data | warnings: none
case_0,DATA_TRANSFER_THIRD_PARTY_REQUIRED,1_VIOLATION,impact_balanced,train,app\validation\data\data_transfer\invalid_third_party_check.xes,"validate gdpr impact: rule: DATA_TRANSFER | context: legal_basis:none; data_category:none; retention:none; third_party:true; international:none; safeguard:none; consent:not_needed | trace: DATA_TRANSFER | return only 0, 1 or 2",invalid | violations: DATA_TRANSFER_THIRD_PARTY_REQUIRED@Transfer Data | warnings: none
case_0,DATA_DELETION_ERASE_REQUIRED,1_VIOLATION,impact_balanced,train,app\validation\data\data_deletion\invalid_data_deletion_missing_erase.xes,"validate gdpr impact: rule: DATA_DELETION | context: legal_basis:none; data_category:none; retention:none; third_party:false; international:none; safeguard:none; consent:not_needed | trace: record_retention_period[BEFORE] -> DATA_DELETION | return only 0, 1 or 2",invalid | violations: DATA_DELETION_ERASE_REQUIRED@delete_customer_data | warnings: none
case_0,DATA_COLLECTION_NOTICE,1_VIOLATION,impact_balanced,train,app\validation\data\data_collection\invalid_notice_wrong_position.xes,"validate gdpr impact: rule: DATA_COLLECTION | context: legal_basis:consent; data_category:none; retention:none; third_party:false; international:none; safeguard:none; consent:not_needed | trace: CASE_START -> verify_legal_basis[AFTER] -> check_consent[BEFORE] -> record_purpose[BEFORE] -> privacy_notice_disclosed[AFTER] -> DATA_COLLECTION | return only 0, 1 or 2",invalid | violations: DATA_COLLECTION_NOTICE@Collect Data; DATA_COLLECTION_LEGAL_BASIS_FLOW@Collect Data | warnings: none
case_0,DATA_PROCESSING_LOG_REQUIRED,1_VIOLATION,impact_balanced,train,app\validation\data\position\wrong_position.xes,"validate gdpr impact: rule: DATA_PROCESSING | context: legal_basis:consent; data_category:DataCategory.STANDARD; retention:none; third_party:false; international:none; safeguard:none; consent:not_needed | trace: verify_legal_basis[AFTER] -> CASE_START -> DATA_PROCESSING -> minimisation_check[BEFORE] | return only 0, 1 or 2",invalid | violations: DATA_PROCESSING_LOG_REQUIRED@trace; DATA_PROCESSING_MINIMISATION@Process Data | warnings: none
case_0,CASE_END_ERASURE,1_VIOLATION,impact_balanced,train,app\validation\data\case_end\case_end_erasure.xes,"validate gdpr impact: rule: CASE_END | context: legal_basis:none; data_category:none; retention:30_days; third_party:false; international:none; safeguard:none; consent:not_needed | trace: retention_period_verify[BEFORE](2014-12-21 11:04:24+00:00) -> CASE_END(2014-12-21 11:04:26+00:00) | return only 0, 1 or 2",invalid | violations: CASE_END_ERASURE@CASE_END | warnings: none
case_0,AUTOMATED_DECISION_DISCLOSURE_REQUIRED,1_VIOLATION,impact_balanced,train,app\validation\data\automated_decision\invalid_missing_disclosure.xes,"validate gdpr impact: rule: AUTOMATED_DECISION | context: legal_basis:none; data_category:none; retention:none; third_party:false; international:none; safeguard:none; consent:not_needed | trace: AUTOMATED_DECISION | return only 0, 1 or 2",invalid | violations: AUTOMATED_DECISION_DISCLOSURE_REQUIRED@Automated Decision | warnings: none
case_0,USER_RIGHT_REQUEST_RESPONSE_REQUIRED,1_VIOLATION,impact_balanced,train,app\validation\data\user_rights\invalid_user_right_request_missing_response.xes,"validate gdpr impact: rule: USER_RIGHT | context: legal_basis:none; data_category:none; retention:none; third_party:false; international:none; safeguard:none; consent:not_needed | trace: USER_RIGHT_REQUEST | return only 0, 1 or 2",invalid | violations: USER_RIGHT_REQUEST_RESPONSE_REQUIRED@request_erasure; USER_RIGHT_IDENTITY_VERIFICATION@request_erasure | warnings: none
case_0,DATA_PROCESSING_LOG_REQUIRED,1_VIOLATION,impact_balanced,train,app\validation\data\data_processing\valid_standard_no_encryption.xes,"validate gdpr impact: rule: DATA_PROCESSING | context: legal_basis:none; data_category:DataCategory.STANDARD; retention:none; third_party:false; international:none; safeguard:none; consent:not_needed | trace: minimisation_check[BEFORE] -> DATA_PROCESSING | return only 0, 1 or 2",invalid | violations: DATA_PROCESSING_LOG_REQUIRED@trace | warnings: none
case_0,CASE_START_VERIFY_LEGAL_BASIS,1_VIOLATION,impact_balanced,train,app\validation\data\case_start\case_start_invalid.xes,"validate gdpr impact: rule: CASE_START | context: legal_basis:none; data_category:none; retention:none; third_party:false; international:none; safeguard:none; consent:not_needed | trace: verify_legal_basis[AFTER] -> CASE_START | return only 0, 1 or 2",invalid | violations: CASE_START_VERIFY_LEGAL_BASIS@CASE_START | warnings: none
case_0,DATA_ACCESS_CONTROL_REQUIRED,1_VIOLATION,impact_balanced,train,app\validation\data\data_access\data_access_invalid.xes,"validate gdpr impact: rule: DATA_ACCESS | context: legal_basis:none; data_category:DataCategory.HEALTH; retention:none; third_party:false; international:none; safeguard:none; consent:not_needed | trace: DATA_ACCESS | return only 0, 1 or 2",invalid | violations: DATA_ACCESS_CONTROL_REQUIRED@Access Data | warnings: none
case_0,DATA_COLLECTION_LEGAL_BASIS_FLOW,1_VIOLATION,impact_balanced,train,app\validation\data\data_collection\invalid_missing_verify_legal_basis.xes,"validate gdpr impact: rule: DATA_COLLECTION | context: legal_basis:none; data_category:none; retention:none; third_party:false; international:none; safeguard:none; consent:not_needed | trace: CASE_START(2025-01-01 08:00:00+00:00) -> record_purpose[BEFORE](2025-01-01 08:02:00+00:00) -> DATA_COLLECTION(2025-01-01 08:05:00+00:00) -> privacy_notice_disclosed[AFTER](2025-01-01 08:06:00+00:00) | return only 0, 1 or 2",invalid | violations: DATA_COLLECTION_LEGAL_BASIS_FLOW@collect_customer_data | warnings: none
case_0,DATA_COLLECTION_LEGAL_BASIS_FLOW,1_VIOLATION,impact_balanced,train,app\validation\data\data_collection\invalid_no_consent_allowed.xes,"validate gdpr impact: rule: DATA_COLLECTION | context: legal_basis:legit; data_category:DataCategory.STANDARD; retention:none; third_party:false; international:none; safeguard:none; consent:not_needed | trace: check_consent[BEFORE](2014-12-21 11:04:24+00:00) -> DATA_COLLECTION(2014-12-21 11:04:24+00:00) -> privacy_notice_disclosed[AFTER](2014-12-21 11:04:24+00:00) | return only 0, 1 or 2",invalid | violations: DATA_COLLECTION_LEGAL_BASIS_FLOW@Collect Data; DATA_COLLECTION_PURPOSE_REQUIRED@Collect Data | warnings: DATA_COLLECTION_CONSENT_FORBIDDEN@trace
case_0,DATA_COLLECTION_LEGAL_BASIS_FLOW,1_VIOLATION,impact_balanced,train,app\validation\data\data_collection\valid_consent.xes,"validate gdpr impact: rule: DATA_COLLECTION | context: legal_basis:consent; data_category:DataCategory.STANDARD; retention:none; third_party:false; international:none; safeguard:none; consent:not_needed | trace: CASE_START(2025-01-01 07:59:00+00:00) -> verify_legal_basis[AFTER](2025-01-01 08:00:00+00:00) -> check_consent[BEFORE](2025-01-01 08:01:00+00:00) -> record_purpose[BEFORE](2025-01-01 08:02:00+00:00) -> DATA_COLLECTION(2025-01-01 08:03:00+00:00) -> privacy_notice_disclosed[AFTER](2025-01-01 08:04:00+00:00) -> minimisation_check[BEFORE](2025-01-01 08:05:00+00:00) -> DATA_PROCESSING(2025-01-01 08:06:00+00:00) -> log_processing_activity[AFTER](2025-01-01 08:07:00+00:00) | return only 0, 1 or 2",invalid | violations: DATA_COLLECTION_LEGAL_BASIS_FLOW@Collect Data | warnings: none
case_0,DATA_TRANSFER_INTERNATIONAL_REQUIRED,1_VIOLATION,impact_balanced,validation,app\validation\data\data_transfer\invalid_missing_safeguard.xes,"validate gdpr impact: rule: DATA_TRANSFER | context: legal_basis:none; data_category:none; retention:none; third_party:false; international:third_country; safeguard:none; consent:not_needed | trace: DATA_TRANSFER | return only 0, 1 or 2",invalid | violations: DATA_TRANSFER_INTERNATIONAL_REQUIRED@Transfer Data | warnings: none
case_0,DATA_COLLECTION_CONSENT_REQUIRED,1_VIOLATION,impact_balanced,validation,app\validation\data\data_collection\invalid_missing_consent.xes,"validate gdpr impact: rule: DATA_COLLECTION | context: legal_basis:consent; data_category:none; retention:none; third_party:false; international:none; safeguard:none; consent:not_needed | trace: DATA_COLLECTION -> privacy_notice_disclosed[AFTER] | return only 0, 1 or 2",invalid | violations: DATA_COLLECTION_CONSENT_REQUIRED@trace; DATA_COLLECTION_LEGAL_BASIS_FLOW@Collect Data; DATA_COLLECTION_PURPOSE_REQUIRED@Collect Data | warnings: none
case_0,CASE_END_MISSING_RETENTION_CONTEXT,1_VIOLATION,impact_balanced,test,app\validation\data\case_end\case_end_retention.xes,"validate gdpr impact: rule: CASE_END | context: legal_basis:none; data_category:none; retention:none; third_party:false; international:none; safeguard:none; consent:not_needed | trace: retention_period_verify[BEFORE](2014-12-21 11:04:24+00:00) -> CASE_END(2014-12-21 11:04:26+00:00) | return only 0, 1 or 2",invalid | violations: CASE_END_MISSING_RETENTION_CONTEXT@CASE_END | warnings: none
case_0,DATA_COLLECTION_NOTICE,1_VIOLATION,impact_balanced,test,app\validation\data\data_collection\invalid_missing_case_start.xes,"validate gdpr impact: rule: DATA_COLLECTION | context: legal_basis:none; data_category:none; retention:none; third_party:false; international:none; safeguard:none; consent:not_needed | trace: verify_legal_basis[AFTER] -> DATA_COLLECTION -> record_purpose[BEFORE] | return only 0, 1 or 2",invalid | violations: DATA_COLLECTION_NOTICE@trace; DATA_COLLECTION_LEGAL_BASIS_FLOW@collect_customer_data | warnings: none
case_0,USER_RIGHT_REQUEST_RESPONSE_REQUIRED,1_VIOLATION,impact_balanced,test,app\validation\data\user_rights\erasure_invalid.xes,"validate gdpr impact: rule: USER_RIGHT | context: legal_basis:none; data_category:none; retention:none; third_party:false; international:none; safeguard:none; consent:not_needed | trace: verify_request_identity[BEFORE] -> USER_RIGHT_REQUEST -> erase_primary_record[AFTER] -> verify_erasure_completion[AFTER] | return only 0, 1 or 2",invalid | violations: USER_RIGHT_REQUEST_RESPONSE_REQUIRED@W_Delete Customer; USER_RIGHT_ERASURE_COMPLIANCE@W_Delete Customer | warnings: none
case_0,DATA_PROCESSING_LOG_REQUIRED,1_VIOLATION,impact_balanced,test,app\validation\data\data_processing\invalid_standard_with_encryption.xes,"validate gdpr impact: rule: DATA_PROCESSING | context: legal_basis:none; data_category:DataCategory.STANDARD; retention:none; third_party:false; international:none; safeguard:none; consent:not_needed | trace: encryption_applied[BEFORE] -> minimisation_check[BEFORE] -> DATA_PROCESSING | return only 0, 1 or 2",invalid | violations: DATA_PROCESSING_LOG_REQUIRED@trace | warnings: DATA_PROCESSING_ENCRYPTION_FORBIDDEN@trace
case_0,DATA_PROCESSING_MINIMISATION,1_VIOLATION,impact_balanced,test,app\validation\data\data_processing\invalid_missing_minimisation.xes,"validate gdpr impact: rule: DATA_PROCESSING | context: legal_basis:none; data_category:DataCategory.STANDARD; retention:none; third_party:false; international:none; safeguard:none; consent:not_needed | trace: DATA_PROCESSING | return only 0, 1 or 2",invalid | violations: DATA_PROCESSING_MINIMISATION@trace; DATA_PROCESSING_LOG_REQUIRED@trace | warnings: none
case_0,DATA_TRANSFER_THIRD_PARTY_FORBIDDEN,2_WARNING,impact_balanced,train,app\validation\data\data_transfer\invalid_forbidden_third_party.xes,"validate gdpr impact: rule: DATA_TRANSFER | context: legal_basis:none; data_category:none; retention:none; third_party:false; international:none; safeguard:none; consent:not_needed | trace: check_third_party_agreement[BEFORE] -> DATA_TRANSFER | return only 0, 1 or 2",valid | violations: none | warnings: DATA_TRANSFER_THIRD_PARTY_FORBIDDEN@Transfer Data
case_0,DATA_TRANSFER_INTERNATIONAL_FORBIDDEN,2_WARNING,impact_balanced,validation,app\validation\data\data_transfer\invalid_forbidden_safeguard.xes,"validate gdpr impact: rule: DATA_TRANSFER | context: legal_basis:none; data_category:none; retention:none; third_party:false; international:eu; safeguard:none; consent:not_needed | trace: verify_international_safeguard[BEFORE] -> DATA_TRANSFER | return only 0, 1 or 2",valid | violations: none | warnings: DATA_TRANSFER_INTERNATIONAL_FORBIDDEN@Transfer Data
case_0,DATA_ACCESS_CONTROL_FORBIDDEN,2_WARNING,impact_balanced,test,app\validation\data\data_access\data_access_invalid_standard.xes,"validate gdpr impact: rule: DATA_ACCESS | context: legal_basis:none; data_category:DataCategory.STANDARD; retention:none; third_party:false; international:none; safeguard:none; consent:not_needed | trace: access_control_check[BEFORE] -> DATA_ACCESS | return only 0, 1 or 2",valid | violations: none | warnings: DATA_ACCESS_CONTROL_FORBIDDEN@Access Data
case_0,DATA_TRANSFER_THIRD_PARTY_FORBIDDEN,2_WARNING,impact_balanced,train,app\validation\data\data_transfer\invalid_forbidden_third_party.xes,"validate gdpr impact: rule: DATA_TRANSFER | context: legal_basis:none; data_category:none; retention:none; third_party:false; international:none; safeguard:none; consent:not_needed | trace: check_third_party_agreement[BEFORE] -> DATA_TRANSFER | return only 0, 1 or 2",valid | violations: none | warnings: DATA_TRANSFER_THIRD_PARTY_FORBIDDEN@Transfer Data
case_0,DATA_TRANSFER_INTERNATIONAL_FORBIDDEN,2_WARNING,impact_balanced,validation,app\validation\data\data_transfer\invalid_forbidden_safeguard.xes,"validate gdpr impact: rule: DATA_TRANSFER | context: legal_basis:none; data_category:none; retention:none; third_party:false; international:eu; safeguard:none; consent:not_needed | trace: verify_international_safeguard[BEFORE] -> DATA_TRANSFER | return only 0, 1 or 2",valid | violations: none | warnings: DATA_TRANSFER_INTERNATIONAL_FORBIDDEN@Transfer Data
case_0,DATA_ACCESS_CONTROL_FORBIDDEN,2_WARNING,impact_balanced,test,app\validation\data\data_access\data_access_invalid_standard.xes,"validate gdpr impact: rule: DATA_ACCESS | context: legal_basis:none; data_category:DataCategory.STANDARD; retention:none; third_party:false; international:none; safeguard:none; consent:not_needed | trace: access_control_check[BEFORE] -> DATA_ACCESS | return only 0, 1 or 2",valid | violations: none | warnings: DATA_ACCESS_CONTROL_FORBIDDEN@Access Data
case_0,DATA_TRANSFER_THIRD_PARTY_FORBIDDEN,2_WARNING,impact_balanced,train,app\validation\data\data_transfer\invalid_forbidden_third_party.xes,"validate gdpr impact: rule: DATA_TRANSFER | context: legal_basis:none; data_category:none; retention:none; third_party:false; international:none; safeguard:none; consent:not_needed | trace: check_third_party_agreement[BEFORE] -> DATA_TRANSFER | return only 0, 1 or 2",valid | violations: none | warnings: DATA_TRANSFER_THIRD_PARTY_FORBIDDEN@Transfer Data
case_0,DATA_TRANSFER_INTERNATIONAL_FORBIDDEN,2_WARNING,impact_balanced,validation,app\validation\data\data_transfer\invalid_forbidden_safeguard.xes,"validate gdpr impact: rule: DATA_TRANSFER | context: legal_basis:none; data_category:none; retention:none; third_party:false; international:eu; safeguard:none; consent:not_needed | trace: verify_international_safeguard[BEFORE] -> DATA_TRANSFER | return only 0, 1 or 2",valid | violations: none | warnings: DATA_TRANSFER_INTERNATIONAL_FORBIDDEN@Transfer Data
case_0,DATA_ACCESS_CONTROL_FORBIDDEN,2_WARNING,impact_balanced,test,app\validation\data\data_access\data_access_invalid_standard.xes,"validate gdpr impact: rule: DATA_ACCESS | context: legal_basis:none; data_category:DataCategory.STANDARD; retention:none; third_party:false; international:none; safeguard:none; consent:not_needed | trace: access_control_check[BEFORE] -> DATA_ACCESS | return only 0, 1 or 2",valid | violations: none | warnings: DATA_ACCESS_CONTROL_FORBIDDEN@Access Data
case_0,DATA_TRANSFER_THIRD_PARTY_FORBIDDEN,2_WARNING,impact_balanced,train,app\validation\data\data_transfer\invalid_forbidden_third_party.xes,"validate gdpr impact: rule: DATA_TRANSFER | context: legal_basis:none; data_category:none; retention:none; third_party:false; international:none; safeguard:none; consent:not_needed | trace: check_third_party_agreement[BEFORE] -> DATA_TRANSFER | return only 0, 1 or 2",valid | violations: none | warnings: DATA_TRANSFER_THIRD_PARTY_FORBIDDEN@Transfer Data
case_0,DATA_TRANSFER_INTERNATIONAL_FORBIDDEN,2_WARNING,impact_balanced,validation,app\validation\data\data_transfer\invalid_forbidden_safeguard.xes,"validate gdpr impact: rule: DATA_TRANSFER | context: legal_basis:none; data_category:none; retention:none; third_party:false; international:eu; safeguard:none; consent:not_needed | trace: verify_international_safeguard[BEFORE] -> DATA_TRANSFER | return only 0, 1 or 2",valid | violations: none | warnings: DATA_TRANSFER_INTERNATIONAL_FORBIDDEN@Transfer Data
case_0,DATA_ACCESS_CONTROL_FORBIDDEN,2_WARNING,impact_balanced,test,app\validation\data\data_access\data_access_invalid_standard.xes,"validate gdpr impact: rule: DATA_ACCESS | context: legal_basis:none; data_category:DataCategory.STANDARD; retention:none; third_party:false; international:none; safeguard:none; consent:not_needed | trace: access_control_check[BEFORE] -> DATA_ACCESS | return only 0, 1 or 2",valid | violations: none | warnings: DATA_ACCESS_CONTROL_FORBIDDEN@Access Data
case_0,DATA_TRANSFER_THIRD_PARTY_FORBIDDEN,2_WARNING,impact_balanced,train,app\validation\data\data_transfer\invalid_forbidden_third_party.xes,"validate gdpr impact: rule: DATA_TRANSFER | context: legal_basis:none; data_category:none; retention:none; third_party:false; international:none; safeguard:none; consent:not_needed | trace: check_third_party_agreement[BEFORE] -> DATA_TRANSFER | return only 0, 1 or 2",valid | violations: none | warnings: DATA_TRANSFER_THIRD_PARTY_FORBIDDEN@Transfer Data
case_0,DATA_TRANSFER_INTERNATIONAL_FORBIDDEN,2_WARNING,impact_balanced,validation,app\validation\data\data_transfer\invalid_forbidden_safeguard.xes,"validate gdpr impact: rule: DATA_TRANSFER | context: legal_basis:none; data_category:none; retention:none; third_party:false; international:eu; safeguard:none; consent:not_needed | trace: verify_international_safeguard[BEFORE] -> DATA_TRANSFER | return only 0, 1 or 2",valid | violations: none | warnings: DATA_TRANSFER_INTERNATIONAL_FORBIDDEN@Transfer Data
case_0,DATA_ACCESS_CONTROL_FORBIDDEN,2_WARNING,impact_balanced,test,app\validation\data\data_access\data_access_invalid_standard.xes,"validate gdpr impact: rule: DATA_ACCESS | context: legal_basis:none; data_category:DataCategory.STANDARD; retention:none; third_party:false; international:none; safeguard:none; consent:not_needed | trace: access_control_check[BEFORE] -> DATA_ACCESS | return only 0, 1 or 2",valid | violations: none | warnings: DATA_ACCESS_CONTROL_FORBIDDEN@Access Data
case_0,DATA_TRANSFER_THIRD_PARTY_FORBIDDEN,2_WARNING,impact_balanced,train,app\validation\data\data_transfer\invalid_forbidden_third_party.xes,"validate gdpr impact: rule: DATA_TRANSFER | context: legal_basis:none; data_category:none; retention:none; third_party:false; international:none; safeguard:none; consent:not_needed | trace: check_third_party_agreement[BEFORE] -> DATA_TRANSFER | return only 0, 1 or 2",valid | violations: none | warnings: DATA_TRANSFER_THIRD_PARTY_FORBIDDEN@Transfer Data
case_0,DATA_TRANSFER_INTERNATIONAL_FORBIDDEN,2_WARNING,impact_balanced,validation,app\validation\data\data_transfer\invalid_forbidden_safeguard.xes,"validate gdpr impact: rule: DATA_TRANSFER | context: legal_basis:none; data_category:none; retention:none; third_party:false; international:eu; safeguard:none; consent:not_needed | trace: verify_international_safeguard[BEFORE] -> DATA_TRANSFER | return only 0, 1 or 2",valid | violations: none | warnings: DATA_TRANSFER_INTERNATIONAL_FORBIDDEN@Transfer Data
case_0,DATA_ACCESS_CONTROL_FORBIDDEN,2_WARNING,impact_balanced,test,app\validation\data\data_access\data_access_invalid_standard.xes,"validate gdpr impact: rule: DATA_ACCESS | context: legal_basis:none; data_category:DataCategory.STANDARD; retention:none; third_party:false; international:none; safeguard:none; consent:not_needed | trace: access_control_check[BEFORE] -> DATA_ACCESS | return only 0, 1 or 2",valid | violations: none | warnings: DATA_ACCESS_CONTROL_FORBIDDEN@Access Data
case_0,DATA_TRANSFER_THIRD_PARTY_FORBIDDEN,2_WARNING,impact_balanced,train,app\validation\data\data_transfer\invalid_forbidden_third_party.xes,"validate gdpr impact: rule: DATA_TRANSFER | context: legal_basis:none; data_category:none; retention:none; third_party:false; international:none; safeguard:none; consent:not_needed | trace: check_third_party_agreement[BEFORE] -> DATA_TRANSFER | return only 0, 1 or 2",valid | violations: none | warnings: DATA_TRANSFER_THIRD_PARTY_FORBIDDEN@Transfer Data
case_0,DATA_TRANSFER_INTERNATIONAL_FORBIDDEN,2_WARNING,impact_balanced,validation,app\validation\data\data_transfer\invalid_forbidden_safeguard.xes,"validate gdpr impact: rule: DATA_TRANSFER | context: legal_basis:none; data_category:none; retention:none; third_party:false; international:eu; safeguard:none; consent:not_needed | trace: verify_international_safeguard[BEFORE] -> DATA_TRANSFER | return only 0, 1 or 2",valid | violations: none | warnings: DATA_TRANSFER_INTERNATIONAL_FORBIDDEN@Transfer Data
case_0,DATA_ACCESS_CONTROL_FORBIDDEN,2_WARNING,impact_balanced,test,app\validation\data\data_access\data_access_invalid_standard.xes,"validate gdpr impact: rule: DATA_ACCESS | context: legal_basis:none; data_category:DataCategory.STANDARD; retention:none; third_party:false; international:none; safeguard:none; consent:not_needed | trace: access_control_check[BEFORE] -> DATA_ACCESS | return only 0, 1 or 2",valid | violations: none | warnings: DATA_ACCESS_CONTROL_FORBIDDEN@Access Data
case_0,DATA_TRANSFER_THIRD_PARTY_FORBIDDEN,2_WARNING,impact_balanced,train,app\validation\data\data_transfer\invalid_forbidden_third_party.xes,"validate gdpr impact: rule: DATA_TRANSFER | context: legal_basis:none; data_category:none; retention:none; third_party:false; international:none; safeguard:none; consent:not_needed | trace: check_third_party_agreement[BEFORE] -> DATA_TRANSFER | return only 0, 1 or 2",valid | violations: none | warnings: DATA_TRANSFER_THIRD_PARTY_FORBIDDEN@Transfer Data
case_0,DATA_TRANSFER_INTERNATIONAL_FORBIDDEN,2_WARNING,impact_balanced,validation,app\validation\data\data_transfer\invalid_forbidden_safeguard.xes,"validate gdpr impact: rule: DATA_TRANSFER | context: legal_basis:none; data_category:none; retention:none; third_party:false; international:eu; safeguard:none; consent:not_needed | trace: verify_international_safeguard[BEFORE] -> DATA_TRANSFER | return only 0, 1 or 2",valid | violations: none | warnings: DATA_TRANSFER_INTERNATIONAL_FORBIDDEN@Transfer Data
case_0,DATA_ACCESS_CONTROL_FORBIDDEN,2_WARNING,impact_balanced,test,app\validation\data\data_access\data_access_invalid_standard.xes,"validate gdpr impact: rule: DATA_ACCESS | context: legal_basis:none; data_category:DataCategory.STANDARD; retention:none; third_party:false; international:none; safeguard:none; consent:not_needed | trace: access_control_check[BEFORE] -> DATA_ACCESS | return only 0, 1 or 2",valid | violations: none | warnings: DATA_ACCESS_CONTROL_FORBIDDEN@Access Data
case_0,DATA_TRANSFER_THIRD_PARTY_FORBIDDEN,2_WARNING,impact_balanced,train,app\validation\data\data_transfer\invalid_forbidden_third_party.xes,"validate gdpr impact: rule: DATA_TRANSFER | context: legal_basis:none; data_category:none; retention:none; third_party:false; international:none; safeguard:none; consent:not_needed | trace: check_third_party_agreement[BEFORE] -> DATA_TRANSFER | return only 0, 1 or 2",valid | violations: none | warnings: DATA_TRANSFER_THIRD_PARTY_FORBIDDEN@Transfer Data
case_0,DATA_TRANSFER_INTERNATIONAL_FORBIDDEN,2_WARNING,impact_balanced,validation,app\validation\data\data_transfer\invalid_forbidden_safeguard.xes,"validate gdpr impact: rule: DATA_TRANSFER | context: legal_basis:none; data_category:none; retention:none; third_party:false; international:eu; safeguard:none; consent:not_needed | trace: verify_international_safeguard[BEFORE] -> DATA_TRANSFER | return only 0, 1 or 2",valid | violations: none | warnings: DATA_TRANSFER_INTERNATIONAL_FORBIDDEN@Transfer Data
case_0,DATA_ACCESS_CONTROL_FORBIDDEN,2_WARNING,impact_balanced,test,app\validation\data\data_access\data_access_invalid_standard.xes,"validate gdpr impact: rule: DATA_ACCESS | context: legal_basis:none; data_category:DataCategory.STANDARD; retention:none; third_party:false; international:none; safeguard:none; consent:not_needed | trace: access_control_check[BEFORE] -> DATA_ACCESS | return only 0, 1 or 2",valid | violations: none | warnings: DATA_ACCESS_CONTROL_FORBIDDEN@Access Data
case_0,DATA_TRANSFER_THIRD_PARTY_FORBIDDEN,2_WARNING,impact_balanced,train,app\validation\data\data_transfer\invalid_forbidden_third_party.xes,"validate gdpr impact: rule: DATA_TRANSFER | context: legal_basis:none; data_category:none; retention:none; third_party:false; international:none; safeguard:none; consent:not_needed | trace: check_third_party_agreement[BEFORE] -> DATA_TRANSFER | return only 0, 1 or 2",valid | violations: none | warnings: DATA_TRANSFER_THIRD_PARTY_FORBIDDEN@Transfer Data
