metric,value
initial_rules,41
optimized_rules,28
suggested_rules,3
merge_groups,4
compression_ratio,0.3171
average_logic_complexity,6.73
status_distribution,"{""CORRECTA"": 21, ""MODIFICADA"": 4, ""FUSIONADA"": 16}"

event,rule_count
USER_RIGHT_REQUEST,11
DATA_COLLECTION,5
AUTOMATED_DECISION,5
CASE_START,4
DATA_PROCESSING,4
DATA_ACCESS,4
DATA_TRANSFER,4
respond_user_right,3
access_control_check,3
CASE_END,3
check_third_party_agreement,3
DATA_DELETION,3
verify_legal_basis,2
check_consent,2
provide_data_copy,2
generate_interoperable_format,2
halt_processing_activities,2
contest_automated_decision,2
provide_transparency_details,2
encryption_applied,2
erase_data,2
privacy_notice_disclosed,1
notify_data_rectification_to_recipients,1
propagate_rectification_to_replicas,1
update_primary_record,1
verify_rectification_consistency,1
erase_primary_record,1
notify_third_party_deletion,1
propagate_erasure_to_replicas,1
verify_erasure_completion,1
verify_request_identity,1
verify_compelling_legitimate_grounds,1
minimisation_check,1
retention_period_verify,1
confirm_data_erasure,1
verify_international_safeguard,1
log_processing_activity,1
automated_logic_disclosure,1
OTHER,1

rule,status,merge_group,origin_rules,complexity,coverage_score,events
AUTOMATED_DECISION_DISCLOSURE_REQUIRED,CORRECTA,,AUTOMATED_DECISION_DISCLOSURE_REQUIRED,8,1.2,AUTOMATED_DECISION; automated_logic_disclosure
CASE_END_ERASURE,CORRECTA,,CASE_END_ERASURE,8,1.3333,CASE_END; confirm_data_erasure
CASE_END_MISSING_RETENTION_CONTEXT,CORRECTA,,CASE_END_MISSING_RETENTION_CONTEXT,3,0.3333,CASE_END
CASE_END_RETENTION_VERIFY,CORRECTA,,CASE_END_RETENTION_VERIFY,8,1.3333,CASE_END; retention_period_verify
CASE_START_VERIFY_LEGAL_BASIS,CORRECTA,,CASE_START_VERIFY_LEGAL_BASIS,8,0.75,CASE_START; verify_legal_basis
CASE_START_VERIFY_LEGAL_BASIS_DUPLICATED,CORRECTA,,CASE_START_VERIFY_LEGAL_BASIS_DUPLICATED,4,0.75,CASE_START; verify_legal_basis
DATA_ACCESS_CONTROL_DUPLICATED,CORRECTA,,DATA_ACCESS_CONTROL_DUPLICATED,4,0.5833,DATA_ACCESS; access_control_check
DATA_ACCESS_CONTROL_FORBIDDEN,CORRECTA,,DATA_ACCESS_CONTROL_FORBIDDEN,4,0.5833,DATA_ACCESS; access_control_check
DATA_ACCESS_CONTROL_REQUIRED,CORRECTA,,DATA_ACCESS_CONTROL_REQUIRED,6,0.5833,DATA_ACCESS; access_control_check
DATA_COLLECTION_CONSENT_FORBIDDEN,CORRECTA,,DATA_COLLECTION_CONSENT_FORBIDDEN,4,0.7,DATA_COLLECTION; check_consent
DATA_COLLECTION_CONSENT_REQUIRED,CORRECTA,,DATA_COLLECTION_CONSENT_REQUIRED,6,0.7,DATA_COLLECTION; check_consent
DATA_COLLECTION_LEGAL_BASIS_FLOW,CORRECTA,,DATA_COLLECTION_LEGAL_BASIS_FLOW,8,0.45,CASE_START; DATA_COLLECTION
DATA_COLLECTION_NOTICE,CORRECTA,,DATA_COLLECTION_NOTICE,8,1.2,DATA_COLLECTION; privacy_notice_disclosed
DATA_COLLECTION_PURPOSE_REQUIRED,CORRECTA,,DATA_COLLECTION_PURPOSE_REQUIRED,8,0.45,CASE_START; DATA_COLLECTION
DATA_DELETION_ERASE_REQUIRED,CORRECTA,,DATA_DELETION_ERASE_REQUIRED,8,0.8333,DATA_DELETION; erase_data
DATA_DELETION_RETENTION_REQUIRED,CORRECTA,,DATA_DELETION_RETENTION_REQUIRED,8,0.8333,DATA_DELETION; erase_data
DATA_PROCESSING_ENCRYPTION_FORBIDDEN,CORRECTA,,DATA_PROCESSING_ENCRYPTION_FORBIDDEN,4,0.75,DATA_PROCESSING; encryption_applied
DATA_PROCESSING_ENCRYPTION_REQUIRED,MODIFICADA,MERGED_DATA_PROCESSING_CA04E1F9,DATA_PROCESSING_ENCRYPTION_REQUIRED + DATA_PROCESSING_LOG_REQUIRED,4,0.75,DATA_PROCESSING; encryption_applied
DATA_PROCESSING_LOG_REQUIRED,FUSIONADA,MERGED_DATA_PROCESSING_CA04E1F9,DATA_PROCESSING_ENCRYPTION_REQUIRED + DATA_PROCESSING_LOG_REQUIRED,8,1.5,DATA_ACCESS; DATA_PROCESSING; log_processing_activity
DATA_PROCESSING_MINIMISATION,CORRECTA,,DATA_PROCESSING_MINIMISATION,7,1.25,DATA_PROCESSING; minimisation_check
DATA_TRANSFER_INTERNATIONAL_FORBIDDEN,CORRECTA,,DATA_TRANSFER_INTERNATIONAL_FORBIDDEN,4,1.25,DATA_TRANSFER; verify_international_safeguard
DATA_TRANSFER_INTERNATIONAL_REQUIRED,MODIFICADA,MERGED_DATA_TRANSFER_4F69B250,DATA_TRANSFER_INTERNATIONAL_REQUIRED + DATA_TRANSFER_THIRD_PARTY_REQUIRED,4,0.7833,AUTOMATED_DECISION; DATA_TRANSFER; check_third_party_agreement
DATA_TRANSFER_THIRD_PARTY_FORBIDDEN,CORRECTA,,DATA_TRANSFER_THIRD_PARTY_FORBIDDEN,4,0.5833,DATA_TRANSFER; check_third_party_agreement
DATA_TRANSFER_THIRD_PARTY_REQUIRED,FUSIONADA,MERGED_DATA_TRANSFER_4F69B250,DATA_TRANSFER_INTERNATIONAL_REQUIRED + DATA_TRANSFER_THIRD_PARTY_REQUIRED,4,0.5833,DATA_TRANSFER; check_third_party_agreement
USER_RIGHT_ACCESS_COMPLIANCE,MODIFICADA,MERGED_USER_RIGHT_F8788A46,USER_RIGHT_ACCESS_COMPLIANCE + USER_RIGHT_AUTOMATED_DECISION_REVIEW_COMPLIANCE + USER_RIGHT_IDENTITY_VERIFICATION + USER_RIGHT_INFORMATION_COMPLIANCE + USER_RIGHT_OBJECTION_COMPLIANCE + USER_RIGHT_PORTABILITY_COMPLIANCE,6,0.5,provide_data_copy
USER_RIGHT_ACCESS_DATA_COPY,MODIFICADA,MERGED_USER_RIGHT_1BC41317,USER_RIGHT_ACCESS_DATA_COPY + USER_RIGHT_AUTOMATED_DECISION_CONTEST + USER_RIGHT_ERASURE_COMPLIANCE + USER_RIGHT_INFORMATION_TRANSPARENCY + USER_RIGHT_OBJECTION_GROUNDS_VERIFICATION + USER_RIGHT_OBJECTION_HALT + USER_RIGHT_PORTABILITY_FORMAT + USER_RIGHT_PORTABILITY_TRANSMISSION + USER_RIGHT_RECTIFICATION_COMPLIANCE + USER_RIGHT_RESTRICTION_COMPLIANCE,7,0.5909,USER_RIGHT_REQUEST; provide_data_copy
USER_RIGHT_AUTOMATED_DECISION_CONTEST,FUSIONADA,MERGED_USER_RIGHT_1BC41317,USER_RIGHT_ACCESS_DATA_COPY + USER_RIGHT_AUTOMATED_DECISION_CONTEST + USER_RIGHT_ERASURE_COMPLIANCE + USER_RIGHT_INFORMATION_TRANSPARENCY + USER_RIGHT_OBJECTION_GROUNDS_VERIFICATION + USER_RIGHT_OBJECTION_HALT + USER_RIGHT_PORTABILITY_FORMAT + USER_RIGHT_PORTABILITY_TRANSMISSION + USER_RIGHT_RECTIFICATION_COMPLIANCE + USER_RIGHT_RESTRICTION_COMPLIANCE,7,0.7909,AUTOMATED_DECISION; USER_RIGHT_REQUEST; contest_automated_decision
USER_RIGHT_AUTOMATED_DECISION_REVIEW_COMPLIANCE,FUSIONADA,MERGED_USER_RIGHT_F8788A46,USER_RIGHT_ACCESS_COMPLIANCE + USER_RIGHT_AUTOMATED_DECISION_REVIEW_COMPLIANCE + USER_RIGHT_IDENTITY_VERIFICATION + USER_RIGHT_INFORMATION_COMPLIANCE + USER_RIGHT_OBJECTION_COMPLIANCE + USER_RIGHT_PORTABILITY_COMPLIANCE,8,0.7,AUTOMATED_DECISION; contest_automated_decision
USER_RIGHT_ERASURE_COMPLIANCE,FUSIONADA,MERGED_USER_RIGHT_1BC41317,USER_RIGHT_ACCESS_DATA_COPY + USER_RIGHT_AUTOMATED_DECISION_CONTEST + USER_RIGHT_ERASURE_COMPLIANCE + USER_RIGHT_INFORMATION_TRANSPARENCY + USER_RIGHT_OBJECTION_GROUNDS_VERIFICATION + USER_RIGHT_OBJECTION_HALT + USER_RIGHT_PORTABILITY_FORMAT + USER_RIGHT_PORTABILITY_TRANSMISSION + USER_RIGHT_RECTIFICATION_COMPLIANCE + USER_RIGHT_RESTRICTION_COMPLIANCE,10,4.0909,USER_RIGHT_REQUEST; erase_primary_record; notify_third_party_deletion; propagate_erasure_to_replicas; verify_erasure_completion
USER_RIGHT_IDENTITY_VERIFICATION,FUSIONADA,MERGED_USER_RIGHT_F8788A46,USER_RIGHT_ACCESS_COMPLIANCE + USER_RIGHT_AUTOMATED_DECISION_REVIEW_COMPLIANCE + USER_RIGHT_IDENTITY_VERIFICATION + USER_RIGHT_INFORMATION_COMPLIANCE + USER_RIGHT_OBJECTION_COMPLIANCE + USER_RIGHT_PORTABILITY_COMPLIANCE,6,0.3333,respond_user_right
USER_RIGHT_INFORMATION_COMPLIANCE,FUSIONADA,MERGED_USER_RIGHT_F8788A46,USER_RIGHT_ACCESS_COMPLIANCE + USER_RIGHT_AUTOMATED_DECISION_REVIEW_COMPLIANCE + USER_RIGHT_IDENTITY_VERIFICATION + USER_RIGHT_INFORMATION_COMPLIANCE + USER_RIGHT_OBJECTION_COMPLIANCE + USER_RIGHT_PORTABILITY_COMPLIANCE,8,0.8333,DATA_DELETION; provide_transparency_details
USER_RIGHT_INFORMATION_TRANSPARENCY,FUSIONADA,MERGED_USER_RIGHT_1BC41317,USER_RIGHT_ACCESS_DATA_COPY + USER_RIGHT_AUTOMATED_DECISION_CONTEST + USER_RIGHT_ERASURE_COMPLIANCE + USER_RIGHT_INFORMATION_TRANSPARENCY + USER_RIGHT_OBJECTION_GROUNDS_VERIFICATION + USER_RIGHT_OBJECTION_HALT + USER_RIGHT_PORTABILITY_FORMAT + USER_RIGHT_PORTABILITY_TRANSMISSION + USER_RIGHT_RECTIFICATION_COMPLIANCE + USER_RIGHT_RESTRICTION_COMPLIANCE,9,0.5909,USER_RIGHT_REQUEST; provide_transparency_details
USER_RIGHT_OBJECTION_COMPLIANCE,FUSIONADA,MERGED_USER_RIGHT_F8788A46,USER_RIGHT_ACCESS_COMPLIANCE + USER_RIGHT_AUTOMATED_DECISION_REVIEW_COMPLIANCE + USER_RIGHT_IDENTITY_VERIFICATION + USER_RIGHT_INFORMATION_COMPLIANCE + USER_RIGHT_OBJECTION_COMPLIANCE + USER_RIGHT_PORTABILITY_COMPLIANCE,8,0.7,AUTOMATED_DECISION; halt_processing_activities
USER_RIGHT_OBJECTION_GROUNDS_VERIFICATION,FUSIONADA,MERGED_USER_RIGHT_1BC41317,USER_RIGHT_ACCESS_DATA_COPY + USER_RIGHT_AUTOMATED_DECISION_CONTEST + USER_RIGHT_ERASURE_COMPLIANCE + USER_RIGHT_INFORMATION_TRANSPARENCY + USER_RIGHT_OBJECTION_GROUNDS_VERIFICATION + USER_RIGHT_OBJECTION_HALT + USER_RIGHT_PORTABILITY_FORMAT + USER_RIGHT_PORTABILITY_TRANSMISSION + USER_RIGHT_RECTIFICATION_COMPLIANCE + USER_RIGHT_RESTRICTION_COMPLIANCE,8,1.0909,USER_RIGHT_REQUEST; verify_compelling_legitimate_grounds
USER_RIGHT_OBJECTION_HALT,FUSIONADA,MERGED_USER_RIGHT_1BC41317,USER_RIGHT_ACCESS_DATA_COPY + USER_RIGHT_AUTOMATED_DECISION_CONTEST + USER_RIGHT_ERASURE_COMPLIANCE + USER_RIGHT_INFORMATION_TRANSPARENCY + USER_RIGHT_OBJECTION_GROUNDS_VERIFICATION + USER_RIGHT_OBJECTION_HALT + USER_RIGHT_PORTABILITY_FORMAT + USER_RIGHT_PORTABILITY_TRANSMISSION + USER_RIGHT_RECTIFICATION_COMPLIANCE + USER_RIGHT_RESTRICTION_COMPLIANCE,7,0.5909,USER_RIGHT_REQUEST; halt_processing_activities
USER_RIGHT_PORTABILITY_COMPLIANCE,FUSIONADA,MERGED_USER_RIGHT_F8788A46,USER_RIGHT_ACCESS_COMPLIANCE + USER_RIGHT_AUTOMATED_DECISION_REVIEW_COMPLIANCE + USER_RIGHT_IDENTITY_VERIFICATION + USER_RIGHT_INFORMATION_COMPLIANCE + USER_RIGHT_OBJECTION_COMPLIANCE + USER_RIGHT_PORTABILITY_COMPLIANCE,8,1.5,OTHER; generate_interoperable_format
USER_RIGHT_PORTABILITY_FORMAT,FUSIONADA,MERGED_USER_RIGHT_1BC41317,USER_RIGHT_ACCESS_DATA_COPY + USER_RIGHT_AUTOMATED_DECISION_CONTEST + USER_RIGHT_ERASURE_COMPLIANCE + USER_RIGHT_INFORMATION_TRANSPARENCY + USER_RIGHT_OBJECTION_GROUNDS_VERIFICATION + USER_RIGHT_OBJECTION_HALT + USER_RIGHT_PORTABILITY_FORMAT + USER_RIGHT_PORTABILITY_TRANSMISSION + USER_RIGHT_RECTIFICATION_COMPLIANCE + USER_RIGHT_RESTRICTION_COMPLIANCE,7,0.5909,USER_RIGHT_REQUEST; generate_interoperable_format
USER_RIGHT_PORTABILITY_TRANSMISSION,FUSIONADA,MERGED_USER_RIGHT_1BC41317,USER_RIGHT_ACCESS_DATA_COPY + USER_RIGHT_AUTOMATED_DECISION_CONTEST + USER_RIGHT_ERASURE_COMPLIANCE + USER_RIGHT_INFORMATION_TRANSPARENCY + USER_RIGHT_OBJECTION_GROUNDS_VERIFICATION + USER_RIGHT_OBJECTION_HALT + USER_RIGHT_PORTABILITY_FORMAT + USER_RIGHT_PORTABILITY_TRANSMISSION + USER_RIGHT_RECTIFICATION_COMPLIANCE + USER_RIGHT_RESTRICTION_COMPLIANCE,7,0.0909,USER_RIGHT_REQUEST
USER_RIGHT_RECTIFICATION_COMPLIANCE,FUSIONADA,MERGED_USER_RIGHT_1BC41317,USER_RIGHT_ACCESS_DATA_COPY + USER_RIGHT_AUTOMATED_DECISION_CONTEST + USER_RIGHT_ERASURE_COMPLIANCE + USER_RIGHT_INFORMATION_TRANSPARENCY + USER_RIGHT_OBJECTION_GROUNDS_VERIFICATION + USER_RIGHT_OBJECTION_HALT + USER_RIGHT_PORTABILITY_FORMAT + USER_RIGHT_PORTABILITY_TRANSMISSION + USER_RIGHT_RECTIFICATION_COMPLIANCE + USER_RIGHT_RESTRICTION_COMPLIANCE,10,4.0909,USER_RIGHT_REQUEST; notify_data_rectification_to_recipients; propagate_rectification_to_replicas; update_primary_record; verify_rectification_consistency
USER_RIGHT_REQUEST_RESPONSE_REQUIRED,CORRECTA,,USER_RIGHT_REQUEST_RESPONSE_REQUIRED,8,0.4242,USER_RIGHT_REQUEST; respond_user_right
USER_RIGHT_RESTRICTION_COMPLIANCE,FUSIONADA,MERGED_USER_RIGHT_1BC41317,USER_RIGHT_ACCESS_DATA_COPY + USER_RIGHT_AUTOMATED_DECISION_CONTEST + USER_RIGHT_ERASURE_COMPLIANCE + USER_RIGHT_INFORMATION_TRANSPARENCY + USER_RIGHT_OBJECTION_GROUNDS_VERIFICATION + USER_RIGHT_OBJECTION_HALT + USER_RIGHT_PORTABILITY_FORMAT + USER_RIGHT_PORTABILITY_TRANSMISSION + USER_RIGHT_RECTIFICATION_COMPLIANCE + USER_RIGHT_RESTRICTION_COMPLIANCE,10,1.4242,USER_RIGHT_REQUEST; respond_user_right; verify_request_identity
